id,topic,date,qNum,qStatement,a1,a2,a3,a4,a5,pic
Apr.2015.1,Absolute Values,April.2015,1,1. |3(-2) + 4| = ?,-2,2,5,9,10,
Dec.2015.40,Absolute Values,December.2015,40,40. What is the set of real solutions for |x|2 - |x| - 2 = 0?,{2},"{-2, 2}","{-1, 2}","{1, 2}","{-2, -1, 1, 2}",
Jun.2016.15,Absolute Values,June.2016,15,15. |6(-7) + 4(8)| = ?,-144,-10,10,74,144,
Jun.2016.54,Absolute Values,June.2016,54,"54. The graphs of the functions y = f(x) = (x - 3)2 + 2 and y = g(x) = (½)x + (½) are shown in the standard (x,y) coordinate plane below. Which of the following is NOT true?",|f(x)| = f(x),|g(x)| = g(x),f(3) = g(3),f(3 ½ ) = g(3 ½ ),f(g(1)) = 6,*******picture******
Apr.2016.1,Absolute Values,April.2016,1,1. What is |5 - x| when x=9?,-14,-4,4,9,14,
Dec.2016.5,Absolute Values,December.2016,5,5. What is the value of 2|2 - 9| - 3(4 + 2)?,-32,-26,-15,-5,-4,
Dec.2016.45,Absolute Values,December.2016,45,"45. For all real numbers a, b, and c, which of the following expressions is equal to |a - b - c|?",|a + b + c|,|a + b - c|,|a - b + c|,|-a +b + c|,|-a - b - c|,
Dec.2016.58,Absolute Values,December.2016,58,"58. What is the minimum value of f(x) = | -(x - h)2 + k| - q for each set of positive real numbers, h, k, and q?",-q,-k,K,-k - q,k - q,
Jun.2017.10,Absolute Values,June.2017,10,10. What is the value of |-6| - |7 - 41| ?,-40,-28,28,40,54,
Apr.2017.15,Absolute Values,April.2017,15,15. What is the value of the expression below?,		| | -8 + 4 | - | 3 - 9 | |,-18,-2,0,2,18
Circles,April.2015,30,"30. The circle in the standard (x,y) coordinate plane below has center (-8.5, 7.5) and has radius 5 coordinate units. Which of the following is an equation of this circle? ",(x - 8.5)2 + (y + 7.5)2 = 10,(x + 8.5)2 + (y - 7.5)2 = 10,(x - 8.5)2 + (y + 7.5)2 = 25,(x + 8.5)2 + (y - 7.5)2 = 25,(x + 8.5)2 + (y + 7.5)2 = 25,[PICTURE],
Circles,April.2015,31,"31. The circle in the standard (x,y) coordinate plane below has center (-8.5, 7.5) and has radius 5 coordinate units. What is the area, in square coordinate units, of this circle?",(5/2)π,(25/2)π,10π,25π,100π,[PICTURE],
Circles,April.2015,44,"44. Points O(0,0) and B(0,3) below lie in the standard (x,y) coordinate plane. The collection of all points such that each is twice as far from B as from O forms a circle. The point (rad3, 0) is 1 point on the circle. What are the coordinates of the center of that circle?"," ( (rad3)/2 , 3/2)","(0, 3/2)","(0, 1)","(0, -1)","(0, -3)",****picture****,
Circles,June.2015,24,"24. The circle shown below has below has diameter (line)AD, and points B and C lie on the circle. The measure of (angle)CAD is 30°, and the measure of minor arc (arc)CD is 60°. What is the measure of minor arc (arc)AC? ",75°,90°,105°,120°,150°,[PICTURE],
Circles,June.2015,27,"27. Graphed in the same standard (x,y) coordinate plane are a circle and a parabola. The circle has radius 3 and center (0, 0). The parabola has vertex (-3, -2), has a vertical axis of symmetry, and passes through (-2, -1). The circle and the parabola intersect at how many points?",0,1,2,3,4,,
Circles,June.2015,35,"35. In the figure shown below, ABCD is a rectangle, EFGH is a square, and (line)CD is the diameter of a semicircle. Points K is the midpoint of (line)CD. Point J is the midpoint of both (line)AB and (line)EF. Points E and F lie on (line)AB. The 3 given lengths are in meters. What is the length, in meters, of arc (arc)CD?",2.5π,5π,6.25π,10π,25π,[PICTURE],
Circles,June.2015,58,"58. In the circle with center D shown below, the length of radius (line)CD is 4 cm, the length of (line)BC is 1 cm, and (line)BC is perpendicular to radius (line)AD at B. When (Angle)ADC is measured in degrees, which of the following expressions represents the length, in centimeters of (arc)AC?", (π/45)(sin-1(¼)),(π/45)(cos-1(¼)),(2π/45)(sin-1(¼)),(2π/45)(cos-1(¼)),(2π/45)(tan-1(¼)),******picture*****,
Circles,December.2015,8,"8. The circular spinner dial for a new board game is divided into 6 congruent sectors. What is the arc measure, in degrees, of each sector?",30°,36°,45°,60°,72°,,
Circles,December.2015,26,"26. The diameter of a circle is 6 feet. What is the area, in square feet, of the circle?",3π,6π,9π,36π,144π,,
Circles,December.2015,38,"38. In standard (x,y) coordinate plane below, a circle has a radius of r coordinate units and passes through the origin, O. The circle has diameter (line)OS, where S lies on the negative y-axis. In terms of r, what are the coordinates of S?"," (0, -2πr)","(0, -2r)","(0, -r)","(0, -0.5r)","(0, r)",****picture***,
Circles,June.2016,33,"33. The circumference of a circle is 20cm. What is the length, in centimeters, of the radius of the circle?",π,10/π,20/π ,20,20π,,
Circles,December.2016,47,"47. A circle with radius 10 cm is divided into 3 congruent arcs. What is the length, in centimeters, of each of the 3 arcs?",(10π)/3,(20π)/3,10π,(40π)/3,20π,,
Circles,December.2016,60,"60. The circle with equation x2 + (y - 1)2 = 1 is graphed in the standard (x,y) coordinate plane below. Suppose the circle rolls along the positive x-axis for 2 rotations and then stops. Which of the following is an equation of the circle in its new position?", (x + 2)2 + (y - 1)2 = 1,(x + 2π)2 + (y - 1)2 = 1,(x + 4π)2 + (y - 1)2 = 1,(x - 2π)2 + (y - 1)2 = 1,(x - 4π)2 + (y - 1)2 = 1,****picture****,
Coordinate Geometry,April.2015,19,"19. In the standard (x,y) coordinate plane, the point (2,-4) is the midpoint of the line segment with endpoints (8,-8) and:","(-4, 0)","(-4, -16)","(3, -2)","(4, 0)","(5, -6)",,
Coordinate Geometry,June.2015,5,"5. A line in the standard (x,y) coordinate plane passes through the points (-3,4) and (2,-5). The slope of the line:",is positive.,is zero.,is negative.,is undefined.,cannot be determined from the given information.,,
Coordinate Geometry,June.2015,8,"8. When points A and B(-3,4) and graphed in the standard (x,y) coordinate plane below, the midpoint of (line)AB will be (1,2). What will be the coordinate of points A?","(-7,6)","(-2,1)","(-1,3)","(-1,8)","(5,0)",[PICTURE],
Coordinate Geometry,June.2015,36,"36. In the figure shown below, ABCD is a rectangle, EFGH is a square, and (line)CD is the diameter of a semicircle. Point K is the midpoint of (line)CD. Point J is the midpoint of both (line)AB and (line)EF. Points E and F lie on (line)AB. The 3 given lengths are in meters. The figure will be placed in the standard (x,y) coordinate plane so that K is at the origin, (line)AB is parallel to the x-axis, and 1 meter equals 1 coordinate unit. Which of the following values could be the y-coordinate of H?",1.8,3.6,8.4,10,12,[PICTURE],
Coordinate Geometry,June.2015,37,"37. What is the length, in coordinate units, of the altitude from C to (line)AB in the (triangle)ABC shown in the standard (x,y) coordinate plane below?",3,5,6,(rad)10,(rad)13,[PICTURE],
Coordinate Geometry,December.2015,24,"24. What is the length, in coordinate units, of the line segment with endpoints (-8,4) and (4,9) in the standard (x,y) coordinate plane?",(rad)41,(rad)119,(rad)169,(rad)185,(rad)313,,
Coordinate Geometry,December.2015,41,"41. In the standard (x,y) coordinate plane below, R is located at (1,0), S is located at (1,2), and T is located at (4,0) to form right triangle (triangle)RST. The given lengths are in coordinate units. What is the slope of (line)ST?",–3/2,–2/3,1/2,2/3,3/2,[PICTURE],
Coordinate Geometry,December.2015,42,"42. In the standard (x,y) coordinate plane below, R is located at (1,0), S is located at (1,2), and T is located at (4,0) to form right triangle (triangle)RST. The given lengths are in coordinate units. What is the midpoint of (line)ST?","(2, 1)","(2, 3/2)","(5/2, 1)","(3, 1/2)","(3, 3/2)",[PICTURE],
Coordinate Geometry,June.2016,11,"11. Points C(2,5) and D(8,11) lie in the standard (x,y) coordinate plane. What is the midpoint of (line)CD?","(3,8)","(5,6)","(5,8)","(6,6)","(6,8)",,
Coordinate Geometry,June.2016,35,"35. Square ABCD, shown below, has side length 5 meters. The square is divided into 25 nonoverlapping congruent squares. Point P is the center of ABCD. What is the length, in meters, of (line)AC?",2(rad)5,5,5(rad)2,20,25,[PICTURE],
Coordinate Geometry,June.2016,38,"38. Square ABCD, shown below, has side length 5 meters. The square is divided into 25 nonoverlapping congruent squares. Point P is the center of ABCD. Supposed ABCD is in the standard (x,y) coordinate plane such that (line)BC is on the x-axis, the midpoint of (line)BC is at the origin, A has positive coordinates, and 1 coordinate unit is equal to 1 meter. What are the coordinates of D?","(-5,5)","(-2.5,0)","(-2.5,2.5)","(-2.5,5)","(0,5)",[PICTURE],
Coordinate Geometry,April.2016,15,"15. In the standard (x,y) coordinate plane below, 5 points are labeled on a parabola. Which of the following lines has the slope of least value?",(line) AB,(line)AE,(line)BC,(line)CD,(line)DE,[PICTURE],
Coordinate Geometry,April.2016,28,"28. On Friday night, the Morrison family set up camp in the Ocala National Forest. On Saturday morning they hiked to a wilderness area 3 miles due north and 4 miles due east of their campsite. The elevation of the wilderness area is the same as the elevation of the campsite. To the nearest 0.1 mile, what is the straight-line distance from the wilderness area to the Morrisons’ campsite?",3.5,3.7,5.0,5.5,7.0,,
Coordinate Geometry,April.2016,33,"33. In the figure shown below, trapezoid ABCD is formed by (triangle)ABC and (triangle)ACD. The lengths are given in inches. Suppose ABCD is placed in the standard (x,y) coordinate plane such that C is at (0,0), B is at (25,0), and A and D have positive x- and y-coordinates. What is the x-coordinate of D?",1,2,5,12,14,[PICTURE],
Coordinate Geometry,April.2016,39,"39. Points A lies at (2,6) and point B lies at (-5, 10) in the standard (x,y) coordinate plane below. What is the length, in coordinate units, of (line)AB?",(rad)40,(rad)65,(rad)125,13,17,[PICTURE],
Coordinate Geometry,December.2016,12,"12. What is the slope of (line) HM, as shown in the standard (x,y) coordinate plane below?",-3/2,-1,-2/3,2/3,3/2,[PICTURE],
Coordinate Geometry,June.2017,30,"30. Parallelogram ABCD is graphed in the standard (x,y) coordinate plane below. Sides (line)AB and (line)CD are each (rad)10 coordinate units long. Sides (line)AD and (line)BC are each 5 coordinate units long. The distance between (line)AD and (line)BC is 3 coordinate units. What is the distance, in coordinate units, from B to D?",F. 3,G. 4,H. 5,J. 7,K. 8,[PICTURE],
Coordinate Geometry,June.2017,31,"31. Parallelogram ABCD is graphed in the standard (x,y) coordinate plane below. Sides (line)AB and (line)CD are each (rad)10 coordinate units long. Sides (line)AD and (line)BC are each 5 coordinate units long. The distance between (line)AD and (line)BC is 3 coordinate units. What is the slope of (line)BC?",0,1,4,5,Undefined,[PICTURE],
Coordinate Geometry,April.2017,9,"9. In the standard (x,y) coordinate plane, what is the midpoint of the line segment that has endpoints (3,8) and (1,-4)?","(-2,-12)","(-1,-6)","(11/2,-3/2)","(2,2)","(4,-12)",,
Coordinate Geometry,April.2017,11,"11. What is the slope of the line through (-2,1) and (2,-5) in the standard (x,y) coordinate plane?",3/2,1,-1,-3/2,-4,,
Coordinate Geometry,April.2017,19,19. The lengths of the 2 legs of right triangle (triangle)ABC shown below are given in inches. The midpoint of (line)AB is how many inches from A?,16,20,21,28,40,[PICTURE],
Data Interpretation,April.2017,41,41. The frequency chart below shows the cumulative number of Ms. Hernandez’s science students whose test scores fell within certain score ranges. All test scores are whole numbers. How many students have a test score in the interval 71-80?,1,6,8,12,13,[PICTURE],
Data Interpretation,April.2017,48,"48. ABC Cabs and Tary Taxicabs both have an initial fare of a whole number of dollars for 1 passenger. The fare increases a whole number dollars at each whole number of miles traveled. The graphs below show the 1-passenger fares, in dollars, for both cab companies for trips up to 6 miles. When the fares of the 2 cab companies are compared, what is the cheaper fare for a 5-mile trip?",$8,$9,$10,$11,$12,****picture****,
Data Interpretation,June.2017,54,"54. Three copy machines-A, B, and C-copy at the same rate and will all be used to make copies of a report. At 8:00 a.m., all 3 machines begin copying. Machine B breaks down at 12:00 p.m. (noon) and begins copying again at 3:00 p.m. All 3 machines finish copying at 5:00 p.m. when the copying of the report is complete. One of the following graphs shows n, the number of copies made, as a function of t, the time at any given point during the copying. Which graph is it?",PICTURE,PICTURE,PICTURE,PICTURE,PICTURE,,
Data Interpretation,April.2016,14,"14. The phrases below represent 3 types of measurements as functions of time. I. The height of an object falling toward the ground II. The height of a plant growing at a constant rate III. The distance a car travels while increasing its velocity. Graphs A, B and C below each represent one of these functions. For all graphs, the x-axis represents time. Which graph is of which function? (Graph A, Graph B, Graph C)","I, II, III","II, I, III","II, III, I","III, I, II","III, II, I",[PICTURE],
Equation Set Up,June.2017,16,"16. For the next school year, a college will use 1/9 of the money in its operating budget for library books and ⅙ of the money in its operating budget for scholarships. What fraction of the operating budget remains for the other uses?",18-Jan,18-May,13/18,20/27,9-Aug,,
Equation Set Up,June.2017,55,"55. A sporting-goods store sells baseball caps for $22 each. At this price, 40 caps are sold per week. For every $1 decrease in price, the store will sell 4 more caps per week. The store will adjust the price to maximize revenue. What will be the maximum possible revenue for 1 week? (Note: The revenue equals the number of caps sold times the price per cap.)",$880 ,$882 ,$924 ,$960 ,"$1,024 ",,
Equation Set Up,April.2017,6,"6. The ABC Book Club charges a $40 monthly fee, plus $2 per book read in that month. The Easy Book Club charges a $35 monthly fee, plus $3 per book read in that month. For each club, how many books must be read in 1 month for the total charges from each club to be equal?",1,4,5,6,75,,
Equation Set Up,April.2017,12,"12. In Cherokee County, the fine for speeding is $17 for each mile per hour the driver is traveling over the posted speed limit. In Cherokee County, Kirk was fined $221 for speeding on a road with a posted speed limit of 30mph. Kirk was fined for traveling at what speed, in miles per hour?",13,17,43,47,60,,
Equation Set Up,April.2017,30,"30. Maria ordered a pizza. She ate only 2/9 of it and gave the remaining pizza to her 3 brothers. What fraction of the whole pizza will each of Maria’s brothers receive, if they share the remaining pizza equally?",9-Jul,7-Mar,⅓,27-Jul,27-Feb,,
Equation Set Up,April.2017,36,"36. The Smith family is planning to build a 3-room cabin which consists of 2 bedrooms (BR) and 1 living room (LR). Shown below are the rectangular floor plan (left figure) and a side view of the cabin (right figure). In the side view, the roof forms an isosceles triangle (triangleABC), the walls are perpendicular to the level floor (line)ED, (line)AC parallel (line)ED, F is the midpoint of (line)AC and (line)BF perpendicular (line)AC. During the week the Smiths plan to roof the cabin, there is a 20% chance of rain each day. Mrs. Smith will install a ceiling fan in each room of the cabin and will place curtains over the 4 windows. Each of the ceiling fans has a price of $52.00. The price of curtains for each small window (S) is $39.50, and the price of curtains for the large window (L) is twice that for the small window. Based on this information, which of the following values is closest to the total price Mrs. Smith will pay for curtains and ceiling fans?",$262 ,$302 ,$341 ,$354 ,$393 ,,**picture**
Equation Set Up,April.2016,5,"5. At a grocery store, Jo Ellen received $1.60 when she returned her cans, glass bottles, and plastic bottles. Jo Ellen received $0.05 for each can, $0.10 for each glass bottle, and $0.05 for each plastic bottle. She knew she had returned 6 cans and 8 glass bottles. How many plastic bottles did Jo Ellen return to the store?",8,9,10,12,19,,
Equation Set Up,April.2016,7,"7. Sienna will be paid $75, plus 25% of her total weekly sales, for the hours she is scheduled to work next week. Let w represent Sienna’s total weekly sales, in dollars, for next week. Which of the following expressions gives Sienna’s pay, in dollars, for the hours she is scheduled to work next week?",0.25w + 75,0.25w + 0.75,0.75w + 0.25,25w + 75,75w + 0.25,,
Equation Set Up,April.2016,29,29. What positive number when divided by its reciprocal has a result of 4/25?,⅖,25-Feb,2-May,25-Aug,25/8,,
Equation Set Up,June.2016,26,"26. For his job delivering pizzas, Albert uses his own car and buys his own gas. He joined the local gas station’s Frequent Factor program that earns him points toward free gas each time he buys gas. Points are earned according to the following chart. Frequent Fueler Program: Sign up for the program, earn 50 points. Buy 1 gallon regular, earn 3 points. Buy 1 gallon premium, earn               4 points. At the end of his first month in the program, he received a statement showing that he had 545 points (including 50 points he received for signing up) and had purchased a total of 135 gallons of gas. To find how many gallons of premium he had purchased, he solved a system of equations with r representing the number of gallons of regular, and p representing the number of gallons of premium. One equation in his system was r + p = 135. Which of the following could have been his other equation?",3r + 4p = 495,3r + 4p = 595,4r + 3p = 495,4r + 3p = 545,4r + 3p = 595,,
Equation Set Up,June.2016,32,"32. When a store sets the price of birdseed at $3.50 per pound, the store sells 2,500 pounds of birdseed per week. With each $0.25 increase in the $3.50 price per pound, the store sells 100 pounds less birdseed per week. Let n be the number of $0.25 increases in the price per pound. Which of the following expressions best represent the dollar amount of the store’s weekly sales of birdseed?","(3.75)(2,500 + 100n)","(3.75)(2,500 - 100n)","(2,500 + 0.25n) (100 + 3.50n)","(3.50 + 0.25n)(2,500 + 100n)","(3.50 + 0.25n)(2,500 - 100n)",,
Equation Set Up,June.2016,40,"40. Ten years ago, Tara invested $2,000 at 6% interest compounded monthly. Which of the following expressions represents today’s value of the investment?","$2,000e 0.6","$2,000(1 + 0.06) 10","$2,000(1 + 0.06/4) 40","$2,000(1 + 0.06/12) 120","$2,000 + $2,000(0.06)(10)",,
Equation Set Up,December.2016,8,8. The cost of a long-distance call to a certain city is $1.05 for the first minute and $0.15 for each additional minute or part thereof. What is the cost of a 15-minute call to this city?,$1.20 ,$2.25 ,$3.15 ,$3.30 ,$3.45 ,,
Equation Set Up,December.2016,11,"11. Ben is saving money to buy a TV that costs $495, including tax. Ben opens a savings account with a deposit of $75 and deposits $65 at the end of each month. What is the minimum number of months Ben will need to make deposits until he has enough money in his account to buy the TV?",5,6,7,8,9,,
Equation Set Up,December.2016,37,"37. Suzanne and Chad are going to bake and deliver cookies to college students during final exam week. They estimate it will cost $4 for the ingredients to make each batch of cookies and $50 to buy the mixer, bowls, and other utensils they will need. They decide to sell the cookies for $5 per batch. Assume they have no other expenses. Which of the following equations represent the profit, P dollars, they will make on b batches of cookies?",P = 49b,P = 54b - 5,P = 55b - 4,P = -b + 50,P = b -50,,
Equation Set Up,April.2015,39,"39. On Monday, Jan and Diego opened separate bank accounts with initial deposits of $28.00 and $161.00, respectively. Every Monday after opening the accounts, Jan will add $18.25 to her account and Diego will withdraw $15.00 from his account. Which of the following equations, when solved, gives the number of weeks (w) after opening the accounts that Jan and Diego will have the same amount of money in their respective accounts? (Note: They make no other deposits or withdrawals, and no interest is applied to the money in the accounts.)",-18.25w + 28 = -15w + 161,18.25w + 28 = 15w + 161,18.25w + 28 = 15w - 161,18.25w + 28 = -15w + 161,28w + 18.25 = 161w - 15,,
Equation Set Up,April.2015,53,"53. Suppose that equally spaced dots are marked on each side of a regular polygon, with a dot at each vertex, and that the distance between consecutive dots is the same for all sides. The figure below shows 4 equally spaced dots per side, including a dot at each vertex, for an equilateral triangle. Which of the following expressions represents the number of dots for a regular polygon with n equally spaced dots including one at each vertex, marked on each of its s sides?",ns,ns - 1,ns - s,ns + s,ns – n,(picture),
Equation Set Up,June.2015,6,6. The square root of a certain number is approximately 9.2371. The certain number between what 2 integers?,3 and 4,4 and 5,9 and 10,18 and 19,81 and 99,,
Equation Set Up,June.2015,9,"9. Andrea manages a company that currently has 116 customers, which is 8 more than twice the number of customers the company had 1 year ago. How many customers did the company have 1 year ago?",50,54,62,66,100,,
Equation Set Up,June.2015,28,28. 40% of 250 is equal to 60% of what number?,150,160,166,270,375,,
Equation Set Up,June.2015,43,"43. After visiting Florida State University during spring break, Francisco rents a car for 2 days to travel around Florida. He has $255 to spend on car rental for the 2 days. Sea Horse Car Rental charges $50 per day and $0.25 per mile. Ocean Blue Car Rental charges $60 per day and $0.20 per mile. Which company, if either, allows him to travel more miles for the 2 days, and how many miles more? (Note: Taxes are already included in the rental charges.)","Sea Horse, 20","Ocean Blue, 55","Ocean Blue, 100","Sea Horse, 135",Francisco would get the same maximum number of miles from each company.,,
Equation Set Up,June.2015,49,"49. A circle, 2 chords, and some lengths, in centimeters, are shown in the figure below, which is not drawn to scale. What is the value of x? (Note: When two chords intersect, the product of the lengths of the segments of one chord equals the product of the lengths of the segments of the other chord.)",10,13.5,14,17.5,19,(picture),
Equation Set Up,June.2015,50,"50. If the area of KLMN in the figure below is 12 square centimeters, what is the length, in centimeters, of (line)LM?",2rad2,5rad2,6rad2,2rad3,(12/5)rad3,**picture**,
Equation Set Up,December.2015,11,"11. The speed of one motorcycle exceeds 4 times the speed of another motorcycle by 24 mph. The speed of the slower motorcycle is g mph. Which of the following expressions represents the speed of the faster motorcycle, in miles per hour?",g + 6,g + 24,g - 24,4g + 24,4g - 24,,
Dec.2015.3,Apr-17,December.2015,3,3. For what value of x is the equation 22x+7 = 215 true?,2,4,11,16,44,
Dec.2015.16,Apr-17,December.2015,16,16. Which of the following expressions is equivalent to x2/3 ?,x2 / 3,x(2) / 3,sqrt(x3),cuberoot(x),cuberoot(x2),
Jun.2017.27,Apr-17,June.2017,27,"27. For all a > 0, which of the following expressions is equal to a-2?",-2a,#VALUE!,1/(2a),1/(rad a),1/(a2),
Jun.2017.33,Apr-17,June.2017,33,33. Which of the following is equivalent to 82 * 40.5?,27,44.5,82.5,162,32,
Apr.2016.58,Apr-17,April.2016,58,"58. If x and a are positive rational numbers such that x2a = 3, then x6a = ?",6,9,12,18,27,
Jun.2016.4,Apr-17,June.2016,4,4. 3x9 * 5x9 is equivalent to:,8x18,8x81,15x9,15x18,15x81,
Jun.2016.51,Apr-17,June.2016,51,51. For what real value of x is (3x34)/(34)5 = 1/9 true?,3,5,11,14,16,
Dec.2016.22,Apr-17,December.2016,22,"22. Given u and v such that (a2)u = a12 and (av)2 = a8 for all positive a, what is au+v?",a5,a10,a16,a20,a24,
Apr.2015.36,Apr-17,April.2015,36,"36. Whenever x and y are nonzero, (8x5y4)(6x13y3) / 16x6y14 = ?",3x3y2,3x3/y2,3x6/16y21,3x12/y7,3x59/y2,
Apr.2015.57,Apr-17,April.2015,57,57. For how many integers x is the equation 3x+1 = 9x-2 true?,0,1,2,3,An infinite number,
Jun.2015.47,Apr-17,June.2015,47,"47. For all nonzero values of x, (12x6 – 9x2) / 3x2 = ?",4x3 – 3x,4x3 – 3,4x4 – 9x2,4x4 – 3x,4x4 – 3,
Jun.2015.56,Apr-17,June.2015,56,"56. Whenever j and k are positive integers such that (rad 3)j = 27k, what is the value of j/k?",⅙,2-Mar,3,4,6,
Dec.2015.4,Apr-17,December.2015,4,"4. For nonzero values of x and y, which of the following expressions is equivalent to -(18x3y2)/(3xy)?",-6x2y,-6x3y2,-6x4y3,-15x2y,-21x2y,
Apr.2015.4,Foil_Factor_Multiples,April.2015,4,"4. For all real numbers a, b, and c, the expression ax - bx + cx can be written as the product of x and which of the following?",,–a + b – c,a – b – c ,a – b + c,a + b – c ,a + b – c 
Apr.2015.7,Foil_Factor_Multiples,April.2015,7,"7. What is the least common multiple of 50, 70, and 90?",70,210,315,"3,150","315,000",
Apr.2015.23,Foil_Factor_Multiples,April.2015,23,23. For what 2 values of x is the equation  true?,,-6 and 1,-3 and 2,-2 and 3,-1 and 6,2 and 3
Apr.2015.37,Foil_Factor_Multiples,April.2015,37,37. Consider all products xy such that x is divisible by 8 and y is divisible by 14. Which of the following whole numbers is NOT a factor of each product xy?,2,8,12,56,112,
Jun.2015.11,Foil_Factor_Multiples,June.2015,11,11. Which of the following expressions is equivalent to (3x + 6)(2x - 1)?,,15x - 6,15x - 1,6x2 - 6,6x2 + 9x – 6 ,6x2 + 12x – 6  
Jun.2015.25,Foil_Factor_Multiples,June.2015,25,"25. One caution sign flashes every 4 seconds, and another caution sign flashes every 10 seconds. At a certain instant, the 2 signs flash at the same time. How many seconds elapse until the 2 signs next flash at the same time?",,6,7,14,20,40
Jun.2015.52,Foil_Factor_Multiples,June.2015,52,"52. Given that (x + 2) and (x - 1) are factors of the quadratic expressions below, what are the values of a and b?",,-4     5,-3     1,-3     5,-1      3,-2
Jun.2015.53,Foil_Factor_Multiples,June.2015,53,"53. The height above the ground, h units, of an object t seconds after being thrown from the top of a building is given by the equation h = -2t2 + 10t + 48. An equivalent factored form of this equation shows that the object:",starts at a point 2 units off the ground.,reaches a maximum height of 3 units.,reaches a maximum height of 8 units.,reaches the ground at 3 seconds.,reaches the ground at 8 seconds.,
Dec.2015.29,Foil_Factor_Multiples,December.2015,29,29. Which of the following expressions is a factor of the polynomial ?,,x  9,x 8,x + 2,x + 9,x + 36
Dec.2015.34,Foil_Factor_Multiples,December.2015,34,"34. Given that n is a positive integer b is 3 times n, what is the least common denominator, in terms, of n, for the addition of 1/b and 1/n?",(n + 3)n,(n + 3),(⅓)n,3n,3n2,
Apr.2016.41,Foil_Factor_Multiples,April.2016,41,"41. For all x=/= -2, which of the following expressions is equal to (x2 + 5x + 6) / (x + 2) + x + 5 ?",x + 8,2x + 8,x2 + 8x + 15,(2x + 8) / (x + 2),(x2 + 6x + 11) / (x + 2),
Apr.2016.45,Foil_Factor_Multiples,April.2016,45,45. Which of the following expressions is the greatest monomial factor of 80x3y + 48x2y2?,16x2y,16x3y2,16x5y3,240x3y2,240x5y3,
Apr.2016.57,Foil_Factor_Multiples,April.2016,57,"57. Consider the fractions , , and, where a and b are distinct prime numbers greater 3 and  c = 3a. Suppose that a · b · c is used as the common denominator when finding the sum of these fractions. In order for the sum to be in lowest terms, its numerator and denominator must be reduced by a factor of which of the following?",,3,a,b,c,ab
Jun.2016.7,Foil_Factor_Multiples,June.2016,7,"7. What is the least common denominator of the fractions 4/35, 1/28, and 3/8?",40,280,980,"1,120","7,840",
Jun.2016.8,Foil_Factor_Multiples,June.2016,8,8. Which of the following polynomial equations has solutions -2 and 5?,(x - 5)(x + 2)2 = 0,(x - 3)(x + 3)2 = 0,(x + 3)(x - 3)2 = 0,(x + 5)(x - 2)2 = 0,(x + 5)(x + 2)2 = 0,
Jun.2016.28,Foil_Factor_Multiples,June.2016,28,28. Which of the expressions below is a factor of the polynomial 2x3 + x2 - 6x? I. x  II. 2x + 3 III. x 2,I. only,I and II only,I and III only,II and III only,"I, II, and III",
Dec.2016.13,Foil_Factor_Multiples,December.2016,13,13. The polynomial  is equivalent to the product of (5x + 4) and which of the following binomials?,,9x  4,9x 2,9x + 4,40x  12,40x 2
Dec.2016.48,Foil_Factor_Multiples,December.2016,48,48. Consider all positive integers that are multiples of 20 and that are less than or equal to 300. What fraction of those integers are multiples of 15?,⅓,⅕,15-Jan,15-Jul,15-Aug,
Jun.2017.47,Foil_Factor_Multiples,June.2017,47,47. The greatest common factor of 2 whole numbers is 10. The least common multiple of these same two numbers is 120. What are the 2 numbers?,6 and 20,10 and 12,10 and 20,20 and 60,30 and 40,
Jun.2017.58,Foil_Factor_Multiples,June.2017,58,"58. For all real number x and the imaginary number i, which of the following expressions is equivalent to (x – 3i)3?",,x3 – 9x2i – 27x + 27i,x3 + 9x2i – 27x + 27i,x3 + 3x2i – 9x – 27i,x3 – 3x2i – 9x + 27i,x3 + 27i
Apr.2017.27,Foil_Factor_Multiples,April.2017,27,27. Which of the following expressions is a factor of x3 – 64?,,x - 4,x  + 4,x + 64,x2 + 16,x2 – 4x + 16
April.2017,7,"7. In parallelogram ABCD below AC(line) is a diagonal, the measure of (angle)ABC is 40°, and the measure of (angle)ACD is 57°. What is the measure of (angle)CAD?",40°,57°,77°,83°,97°,[PICTURE],,
April.2017,60,"60. Ray (ray)PK bisects (angle)LPM, the measure of (angle)LPM is 11x°, and the measure of (angle)LPK is (4x + 18)°. What is the measure of (angle)KPM?",12°,28 (2/7)°,42°,61 (1/5)°,66°,,,
June.2017,6,"6. in triangle(ACD) below, B is on line(AC), E is on line(AD), the measure of angle(CAD) is 28°, and line(AD) is perpendicular to both line(BE) and line(CD). What is the measure of angle(CBE)?",104°,118°,124°,146°,152°,[PICTURE],,
June.2017,13,"13. In the figure shown below, E and G lie on (line)AC, D and F lie on (line)AB , (line)DE and (line)FG are parallel to the (line)BC, and the given lengths are in feet. What is the length of (line)AC, in feet? ",9,18,21,30,36,[PICTURE],,
June.2017,46,"46. in the figure below, line m is perpendicular to line n, and both lines intersect line q at the same point. The measure of (angle)1 is (3x – 10)°, and the measure of (angle)2 is (2x+10)°. What is the measure of (angle)3?",36°,40°,44°,45°,54°,[PICTURE],,
April.2016,22,"22. As shown below, A, B, C, and D are collinear, with B between A and C and with C between B and D. Given AC = BD = 12 cm and given BC = 3 cm, what is AD, in centimeters?",9,15,18,21,27,[PICTURE],,
April.2016,24,"24. In Middletown, Main Street and Market Street are parallel to each other. Patrick Street intersects Market Street to form a 76° angle at the northeast corner, as shown in the figure below. What is the measure of the angle formed at the southeast corner of Main Street and Patrick Street? (Note: Each street is straight and has the same uniform width.) ",76°,90°,104°,142°,152°,[PICTURE],,
April.2016,37,"37. In the figure shown below, △ABC ~ △DEF, sides AB (line on top) and BC (line on top) are each 7.2cm long, side DE (line on top) is 10.8 cm long, and the measure of (angle) E is 42º. What is the measure of (angle) C?",42º,46º,60º,63º,69º,[PICTURE],,
April.2016,52,"52. From point A outside a circle and in the same plane as the circle, 2 rays are drawn tangent to the circle with the points of tangency labeled B and C, respectively. Segment (line)BC is then drawn to form (triangle)ABC. If (angle)A measures 70°, what is the measure of (angle)ABC?",70°,55°,40°,35°,Cannot be determined from the given information,,,
April.2016,53,"53. Graphed in the standard (x,y) coordinate plane below is an ellipse. The center of the ellipse is (0,0), and points (-5,0), (0,3), (5,0), (0,-3), A(3,a), and B(3,b) lie on the ellipse. What is the distance, in coordinate units, from A to B?",2.4,3,4,4.8,6,[PICTURE],,
April.2016,60,"60. As shown in the figure below, (line)AC and (line)BD intersect at O. Given that 180° < x° < 360° and that x = 4y, what is the value of y?",54,60,67.5,72,75,[PICTURE],,
June.2016,22,"22. In the figure below, 5 angle measures are given. The angle marked with a measure of y° is an exterior angle. What is the value of y?",22.5,45,80,100,145,[PICTURE],,
June.2016,58,"58. In the figure below, (line)BC is parallel to (line)AD, E is the midpoint of (line)AB, F is the midpoint of (line)CD, G is the midpoint of (line)AE, and H is the midpoint of (line)FD. The lengths marked are in inches. What is the length of (line)GH, in inches?",31,31 (1/2),37,38,43 (1/2),[PICTURE],,
June.2016,60,"60. Distinct points A, B, C, and D are collinear, and B is between A and C. For D to be between A and C such that AD + DB + BC = AC, which of statements I-IV below must be true?","(Note: If B is between A and C, then AB + BC = AC.) I. AD = DB II. AD = BC III. B is between D and C IV. D is between B and C",I only,III only,I and III only,II and IV only,None of the statements must be true.,,
April.2015,13,"13. In the figure below, G is the center of the circle, (line)LK is a diameter, H lies on the circle J lies outside the circle on (line)LK, and (line)JM is tangent to the circle at M. Which of the following angles or minor arcs has the greatest degree measure? (arc)LM",(arc)MK,(angle)JMG,(angle)LHK,(angle) MJL,[PICTURE],,,
April.2015,33,"33. In a plane, the distinct lines (line)AB and (line)CD intersect at A, where A is between C and D. The measure of (angle)BAC is 54°. What is the measure of (angle)BAD?",54°,(54 + 54)°,(90 – 54)°,(90 + 54)°,(180 – 54)°,,,
June.2015,34,"34. In the figure shown below, ABCD is a rectangle, EFGH is a square, and (line)CD is the diameter of a semicircle. Points K is the midpoint of (line)CD. Point J is the midpoint of both (line)AB and (line)EF. Points E and F lie on (line)AB. The 3 given lengths are in meters. What is the length, in meters, of (line)JD?",13,15.6,17,(rad)44,(rad)244,[PICTURE],,
December.2015,20,"20. In the figure below, parallel lines (arrows <->)AB and (arrows<->)CD are cut by transversals (arrows<->AC) and (arrows<->)BD that intersects at E. Two angle measures are given. What is the measure of (angle)ABD?",110°,112°,138°,144°,146°,**picture**,,
Apr.2016.43,Imaginary Numbers,April.2016,43,"43. For i = rad(-1), (1 +2i)2 = ?",-3 + 4i,2 + 2i,2 + 4i,-4,-3,
Dec.2016.43,Imaginary Numbers,December.2016,43,"43. Given that i2 = -1 and that k is a positive integer, what is the value of i(4k + 2)?",#NAME?,-1,0,1,i,
Dec.2016.57,Imaginary Numbers,December.2016,57,"57. What is the distance, in coordinate units, between (2 + 6i) and (-4 + 3i) in the complex plane?",7,9,rad13,rad45,rad85,
Apr.2017.58,Imaginary Numbers,April.2017,58,"58. Given a positive integer n such that in = 1, which of the following statements about n must be true? (Note: i2 = -1)","When n is divided by 4, the remainder is 0.","When n is divided by 4, the remainder is 1.","When n is divided by 4, the remainder is 2.","When n is divided by 4, the remainder is 3.",Cannot be determined from the given information,
Inequalities,June.2015,2,"2. Which of the following inequalities orders the numbers 0.2, 0.03, and ¼ from least to greatest?",0.2 < 0.03 < ¼,0.03 < 0.2 < ¼,0.03 < ¼ < 0.2,¼ < 0.03 < 0.2,¼ < 0.2 < 0.03,,
Inequalities,June.2015,23,"23. Given that x ≤ 4 and x + y ≥  5, what is the LEAST value that y can have?",-9,-1,0,1,9,,
Inequalities,June.2015,29,29. Which of the following inequalities is equivalent to -2x - 6y > 2y - 4?,x < -4y + 2,x > -4y + 2,x < 2y + 2,x < 4y + 2,x > 4y + 2,,
Inequalities,June.2015,55,"55. The shaded portion of the graph in the standard (x, y) coordinate plane below represents the solution set of one of the following systems of linear inequalities. Which one?",y ≤ (⅔)x - 6 and y ≥  (-3/2)x + 6,y ≥ (⅔)x - 6 and y ≥  (-3/2)x + 6,y ≥ (⅔)x - 6 and y ≤  (-3/2)x + 6,y ≤ (3/2)x - 6 and y ≥  (-2/3)x + 6,y ≥ (3/2)x - 6 and y ≤  (-2/3)x + 6,*****picture****,
Inequalities,December.2015,52,"52. One of the following inequalities is graphed below in the standard (x,y) coordinate plane. Which one?",y ≤ x - 3,y ≥ x - 3,y ≥ x + 3,y ≤ 3x - 3,y ≥ 3x – 3,,*****picture****
Inequalities,June.2016,55,"55. When 3 ≤ x ≤ 5 and 7 ≤ y ≤ 9, the smallest possible value for 2/(y - x) is:",9-Jul,⅙,¼,⅓,½ ,,
Inequalities,April.2016,21,"21. Given that x ≤ 2 and x + y ≥ 4, what is the LEAST value that y can have?",-6,-2,0,2,6,,
Inequalities,June.2017,12,"12. A new club wants to attract customers who are at least 18 but less than 30 years of age. One of the number lines below illustrates the range of ages, in years, of the customers the club wants to attract. Which number line is it?",Picture,Picture,Picture,Picture,picture,,
Inequalities,June.2017,19,"19. Which of the following ordered pairs in the standard (x,y) coordinate plane satisfies the system of inequalities below?      x > 2       y > 0       x + y < 5","(1,3)","(2,2)","(3,1)","(3,2)","(4,0)",,
,,,,,,,,,,
18.0,21.0,24.0,27.0,30.0,Which of the following equations represents this relationship between d and t?,,,,,
,,,,,,,,,,
,,,,,,,,,,
,,,,,,,,,,
,,,,,,,,,,
,,,,,,,,,,
,,,,,,,,,,
,,,,,,,,,,
,,,,,,,,,,
,,,,,,,,,,
,,,,,,,,,,
,,,,,,,,,,
,,,,,,,,,,
,,,,,,,,,,
,,,,,,,,,,
,,,,,,,,,,
,,,,,,,,,,
,,,,,,,,,,
,,,,,,,,,,
,,,,,,,,,,
,,,,,,,,,,
,,,,,,,,,,
,,,,,,,,,,
,,,,,,,,,,
,,,,,,,,,,
,,,,,,,,,,
,,,,,,,,,,
,,,,,,,,,,
,,,,,,,,,,
,,,,,,,,,,
,,,,,,,,,,
,,,,,,,,,,
,,,,,,,,,,
,,,,,,,,,,
,,,,,,,,,,
5.0,8.0,10.0,9.0,17.0,16,24.0,30.0,26.0,A. y = 3x,B. y = 4x
,,,,,,,,,,
,,,,,,,,,,
,,,,,,,,,,
,,,,,,,,,,
,,,,,,,,,,
,,,,,,,,,,
,,,,,,,,,,
,,,,,,,,,,
,,,,,,,,,,
,,,,,,,,,,
,,,,,,,,,,
,,,,,,,,,,
,,,,,,,,,,
,,,,,,,,,,
,,,,,,,,,,
,,,,,,,,,,
17.0,22.0,27.0,32.0,37.0,Which of the following equations represents this relationship between d and t?,,,,,
,,,,,,,,,,
,,,,,,,,,,
,,,,,,,,,,
,,,,,,,,,,
,,,,,,,,,,
,,,,,,,,,,
,,,,,,,,,,
,,,,,,,,,,
,,,,,,,,,,
,,,,,,,,,,
,,,,,,,,,,
,,,,,,,,,,
,,,,,,,,,,
,,,,,,,,,,
,,,,,,,,,,
,,,,,,,,,,
A. ,B. ,C. rad(2),D. 1,E. 3,,"53) Which of the following values is the x-coordinate of the point in the standard (x,y) coordinate plane where the graph of the line y = 7 intersects the graph of the function y = 1n(x2) + 3?",,A. 6,B. e 4 + 2,C. 4e + 2
,,,,,,,,,,
26,26. What value of x satisfies the matrix equation below? [PICTURE],F. 3.5,G. 4,H. 4.5,J. 5.5,K. 8,,,,
48,48. Four matrices are given below. [PICTURE],Which of the following matrix products is undefined?,F. WX,G. WY,H. YZ,J. XW,K. XZ,,,
10,10. [PICTURE],,,,,,,,,
F,F. [PICTURE],,,,,,,,,
G,G. [PICTURE],,,,,,,,,
H,H. [PICTURE],,,,,,,,,
J,J. [PICTURE],,,,,,,,,
K,K. [PICTURE],,,,,,,,,
57,57. Which of the following matrices is equal to the matrix product [PICTURE]?,,,,,,,,,
A,A. [PICTURE],,,,,,,,,
B,B. [PICTURE],,,,,,,,,
C,C. [PICTURE],,,,,,,,,
D,D. [PICTURE],,,,,,,,,
E,E. [PICTURE],,,,,,,,,
8,8. Which of the following augmented matrices represents the system of linear equations below?,3x + 5y = 20,2x – y = 9,,,,,,,
F,F. [PICTURE],,,,,,,,,
G,G. [PICTURE],,,,,,,,,
H,H. [PICTURE],,,,,,,,,
J,J. [PICTURE],,,,,,,,,
K,K. [PICTURE],,,,,,,,,
55,55. What is the determinant of the matrix shown below? [PICTURE],A. 34,B. 4,C. -1,D. -25,E. -31,,,,
60,60. The table below shows the numbers of rows and columns in each of 5 matrices. [PICTURE],"For distinct values of k, m, and n, which of the following matrix products is NOT possible?",F. ED,G. DC,H. CD,J. AE,K. AC,,,
57,"57. For what positive real value of k, if any, is the determinant of the matrix [PICTURE] equal to k?",(Note: The determinant of matrix [PICTURE] equals ad - bc.),A. 3,B. 4,C. 12,D. (rad)12,,,,
,,,,,,,,,,
E. $0.45,,"41) For 20 quiz scores in a typing class, the table below gives the frequency of the scores in each score interval. Which score intervals contains the median of the scores?",[PICTURE],96-100,91-95,86-90,81-85,76-80,,
,,,,,,,,,,
,,,,,,,,,,
,,,,,,,,,,
,,,,,,,,,,
,,,,,,,,,,
,,,,,,,,,,
,,,,,,,,,,
,,,,,,,,,,
,,,,,,,,,,
,,,,,,,,,,
,,,,,,,,,,
,,,,,,,,,,
,,,,,,,,,,
,,,,,,,,,,
,,,,,,,,,,
,,,,,,,,,,
,,,,,,,,,,
,,,,,,,,,,
,,,,,,,,,,
,,,,,,,,,,
,,,,,,,,,,
,,,,,,,,,,
,,,,,,,,,,
,,,,,,,,,,
0.16,0.20,0.40,,,,,,,,
380,"56) At the school carnival, Mike will play a game in which he will toss a penny, a nickel, and a dime at the same time. He will be awarded 3 points for each coin that lands with heads faceup. Let the random variable x represents the total number of points awarded on any toss of the coins. What is the expected value of x?",	F. 1,	G. 3/2,	H. 9/2,	J. 6,	K. 9,,,,
,,,,,,,,,,
,,,,,,,,,,
,,,,,,,,,,
,,,,,,,,,,
0.44,0.83,0.98,,,,,,,,
,,,,,,,,,,
,,,,,,,,,,
14/100,14/44,,,,,,,,,
,,,,,,,,,,
,,,,,,,,,,
,,,,,,,,,,
40%,47%,53%,,,,,,,,
6/10,7/10,,,,,,,,,
,,,,,,,,,,
,,,,,,,,,,
K. 3/5,,,,,,,,,,
,,,,,,,,,,
,,,,,,,,,,
,,,,,,,,,,
,,,,,,,,,,
H. 11%,J. 25%,K. 40%,,,,,,,,
,,,,,,,,,,
,,,,,,,,,,
,,,,,,,,,,
,,,,,,,,,,
,,,,,,,,,,
,,,,,,,,,,
,,,,,,,,,,
,,,,,,,,,,
,,,,,,,,,,
,,,,,,,,,,
,"54) A storage facility is currently offering a special rate to customers who sign contracts for 6 months or more. According to this special rate, the first month’s rent is $1, and for each month after the first month, customers pay the regular monthly rental rate. The table below shows the storage unit sizes available, the floor dimensions, and the regular monthly rental rate. All the units have the same height.",[PICTURE],Daria will sign a contract to rent a Size 3 unit for 12 months at the current special rate. The amount Daria will pay for 12 months at the current special rate represents what percent decrease from the regular rental rate for 12 months?,	F. 8.25%,	G. 8.33%,	H. 8.42%,	J. 9.00%,	K. 9.09%,,
,,,,,,,,,,
43.2%,50%,,,,,,,,,
,,,,,,,,,,
J. 30,K. 60,,,,,,,,,
K. 18%,,,,,,,,,,
,,,,,,,,,,
,,,,,,,,,,
,,,,,,,,,,
,,,,,,,,,,
,,,,,,,,,,
,,,,,,,,,,
,,,,,,,,,,
,,,,,,,,,,
,,,,,,,,,,
,,,,,,,,,,
,,,,,,,,,,
,,,,,,,,,,
,,,,,,,,,,
,,,,,,,,,,
,,,,,,,,,,
,,,,,,,,,,
,,,,,,,,,,
,,,,,,,,,,
,,,,,,,,,,
,,,,,,,,,,
,,,,,,,,,,
,,,,,,,,,,
,,,,,,,,,,
,,,,,,,,,,
,,,,,,,,,,
,,,,,,,,,,
,,,,,,,,,,
,,,,,,,,,,
,,,,,,,,,,
,,,,,,,,,,
,,,,,,,,,,
,,,,,,,,,,
,,,,,,,,,,
,,,,,,,,,,
,,,,,,,,,,
,,,,,,,,,,
,,,,,,,,,,
,,,,,,,,,,
,,,,,,,,,,
,,,,,,,,,,
,,,,,,,,,,
$150,$200,,Size 5 units can be subdivided to form other sizes of units. What is the greatest number of Size 1 units that can be formed from a single Size 5 unit?,A. 2,B. 4,C. 8,D. 10,E. 16,,
,,,,,,,,,,
,,,,,,,,,,
,,,,,,,,,,
,,,,,,,,,,
,,,,,,,,,,
,,,,,,,,,,
,,,,,,,,,,
,,,,,,,,,,
,,,,,,,,,,
,,,,,,,,,,
,,,,,,,,,,
,,,,,,,,,,
,,,,,,,,,,
,,,,,,,,,,
,,,,,,,,,,
K. 320,,,,,,,,,,
,,,,,,,,,,
,,,,,,,,,,
,,,,,,,,,,
J. 0.23,K. 0.45,,,,,,,,,
,,,,,,,,,,
,,,,,,,,,,
C. 1,D. 13,E. 31,,"13) The population of a particular town is modeled by the equation P = 120,000(1.1)t, where t  is the number of years after January 1, 2011. Based on the model, which of the following numbers is closest to the population of the town on January 1, 2013?","A. 132,000","B. 145,000","C. 160,000","D. 264,000","E. 396,000",
,,,,,,,,,,
,,,,,,,,,,
,,,,,,,,,,
,,,,,,,,,,
C. 8,D. 68,E. 86,,,,,,,,
K. -75,,,,,,,,,,
K. 10,,,,,,,,,,
,,,,,,,,,,
,,,,,,,,,,
,,,,,,,,,,
,,,,,,,,,,
,,,,,,,,,,
[PICTURE],[PICTURE],[PICTURE],[PICTURE],,,,,,,
,,,,,,,,,,
,,,,,,,,,,
,,,,,,,,,,
,,,,,,,,,,
4,10,353,11,6,47,Total,129.0,367.0,64.0,
,,,,,,,,,,
,,,,,,,,,,
,,,,,,,,,,
,,,,,,,,,,
,,,,,,,,,,
,,,,,,,,,,
,,,,,,,,,,
,,,,,,,,,,
,,,,,,,,,,
"$9,000","$5,000","$3,000",?,?,Total Budget,"$45,000",,,,
,,,,,,,,,,
,,,,,,,,,,
,,,,,,,,,,
,,,,,,,,,,
F. 240,G. 300,H. 600,J. 680,K. 960,,,,,,
,,,,,,,,,,
,,,,,,,,,,
,,,,,,,,,,
,,,,,,,,,,
,,,,,,,,,,
,,,,,,,,,,
,,,,,,,,,,
Apr.2015.47,Rational Function – Graph/Solve ,April.2015,47,47.  The domain of f(x) = 2/(x2 – 9x) is the set of all real numbers EXCEPT:,A. -2/9,B. 3,,,,
Apr.2015.C,Rational Function – Graph/Solve ,April.2015,C,C. -3 and 3,D. 0 and 3,,,,,
Apr.2015.E,Rational Function – Graph/Solve ,April.2015,E,"E. -3, 0, and 3",,,,,,
Apr.2015.60,Rational Function – Graph/Solve ,April.2015,60,60. The equation y = (2x2 – 18)/(x2 – 5x) has 2 vertical asymptotes and 1 horizontal asymptote. What is the horizontal asymptote?,F. x = 0,G. x = 3,H. x = 9,J. y = 0,K. y = 2,
Jun.2015.59,Rational Function – Graph/Solve ,June.2015,59,"59. Which of the following linear equations gives the vertical asymptote for the graph of y = (201x + 202)/(203x + 204) in the standard (x, y) coordinate plane?",,,,,,
Jun.2015.A,Rational Function – Graph/Solve ,June.2015,A,A. x = -201/203,,,,,,
Jun.2015.B,Rational Function – Graph/Solve ,June.2015,B,B. x = -202/201,,,,,,
Jun.2015.C,Rational Function – Graph/Solve ,June.2015,C,C. x = -202/204,,,,,,
Jun.2015.D,Rational Function – Graph/Solve ,June.2015,D,D. x = -204/203,,,,,,
Jun.2015.E,Rational Function – Graph/Solve ,June.2015,E,E. x = -403/407,,,,,,
Jun.2016.49,Rational Function – Graph/Solve ,June.2016,49,"49. The graph of y = (2x – 5)/(x + 3) in the standard (x, y) coordinate plane has a vertical asymptote with equation x = ?",A. -3,B. -5/3,C. 2,D. 5/2,E. 8,
Apr.2016.49,Rational Function – Graph/Solve ,April.2016,49,"49. In the standard (x, y) coordinate plane, for what value(s) of x, if any, is there NO value of y such that (x,y) is on the graph of y = (x – 3)/[(x + 3)(x + 2)(x - 2)]",,,,,,
Apr.2016.A,Rational Function – Graph/Solve ,April.2016,A,"A. -3, -2 and 2 only",,,,,,
Apr.2016.B,Rational Function – Graph/Solve ,April.2016,B,"B. -2, 2, and 3 only",C. -3 only,D. 3 only,,,,
Apr.2016.E,Rational Function – Graph/Solve ,April.2016,E,E. There are no such values of x. =,,,,,,
Dec.2016.52,Rational Function – Graph/Solve ,December.2016,52,"52. At what point in the standard (x, y) coordinate plane do the asymptotes of the function y = (2x(x + 2))/(x – 3), graphed below, intersect? [PICTURE]",,,,,,
Dec.2016.F,Rational Function – Graph/Solve ,December.2016,F,"F. (-7/3, 3)",,,,,,
Dec.2016.G,Rational Function – Graph/Solve ,December.2016,G,"G. (7/3, 10)","H. (3, 10)","J. (3, 16)","K. (3, 31)",,,
Jun.2017.50,Rational Function – Graph/Solve ,June.2017,50,50. The graph of f(x) = (x – 3)/(x2 – 2x – 3) is shown below. What is the domain of f(x)? [PICTURE],,,,,,
Jun.2017.F,Rational Function – Graph/Solve ,June.2017,F,F. {x|x =/= -1},,,,,,
Jun.2017.G,Rational Function – Graph/Solve ,June.2017,G,G. {x|x =/= 2},,,,,,
Jun.2017.H,Rational Function – Graph/Solve ,June.2017,H,H. {x|x =/= 3},,,,,,
Jun.2017.J,Rational Function – Graph/Solve ,June.2017,J,J. {x|x =/= -1 and x=/= 3},,,,,,
Jun.2017.K,Rational Function – Graph/Solve ,June.2017,K,K. {x|x =/= 0 and x =/= 2},,,,,,
Jun.2017.59,Rational Function – Graph/Solve ,June.2017,59,"59. The graph in the standard (x,y) coordinate plane below is the graph of the one of the following functions. Which one? [PICTURE]",,,,,,
Jun.2017.A,Rational Function – Graph/Solve ,June.2017,A,A. g(x) = x(x-6)(x+4),,,,,,
Jun.2017.B,Rational Function – Graph/Solve ,June.2017,B,B. h(x) = x2(x+6)(x-4),,,,,,
Jun.2017.C,Rational Function – Graph/Solve ,June.2017,C,C. n(x) = x2(x+6)3(x-4),,,,,,
Jun.2017.D,Rational Function – Graph/Solve ,June.2017,D,D. p(x) = x2(x-6)3(x+4),,,,,,
,,,,,,,,,,
,,,,,,,,,,
,,,,,,,,,,
,,,,,,,,,,
,F. 1,G. 2,H. 4,J. 5,K. 7,,,"45) Given today is Tuesday, what day of the week was it 200 days ago?","
A. Monday",B. Tuesday
,,,,,,,,,,
Jun.2015.1,Simplify,June.2015,1,1. Which of the following expressions is equivalent to a(4 – a) – 5(a + 7) ?,,,,,,
Jun.2015.A,Simplify,June.2015,A,A. -2a – 35,B. -2a + 7,,,,,
Jun.2015.C,Simplify,June.2015,C,C. –a2 – a + 7,,,,,,
Jun.2015.D,Simplify,June.2015,D,D. –a2 – a + 7,,,,,,
Jun.2015.E,Simplify,June.2015,E,E. -2a3 – 35  ,,,,,,
Jun.2016.13,Simplify,June.2016,13,13. Which of the following expressions is equal to (3x2 – 4x – 5) – (–x2 + 6x +7) for all real values of x ?,,,,,,
Jun.2016.A,Simplify,June.2016,A,A. 2x2 – 10x – 12 ,,,,,,
Jun.2016.B,Simplify,June.2016,B,B. 2x2 – 10x – 2,,,,,,
Jun.2016.C,Simplify,June.2016,C,C. 4x2 – 10x – 12,,,,,,
Jun.2016.D,Simplify,June.2016,D,D. 4x2 – 10x + 2,,,,,,
Jun.2016.E,Simplify,June.2016,E,E. 4x2 + 2x + 2,,,,,,
Apr.2016.3,Simplify,April.2016,3,3. (9m – 4n) – (2n + 5m) is equivalent to:,A. 4m – 6n,B. 4m – 2n,C. 5m + 3n,D. 7m – 9n,E. 7m + n,
Dec.2016.28,Simplify,December.2016,28,28. Which of the following operations will produce the largest result when substituted for the blank in the expressions 11 _____ (-1/83) ?,,,,,,
Dec.2016.F,Simplify,December.2016,F,F. Averaged with,,,,,,
Dec.2016.G,Simplify,December.2016,G,G. Divided by,H. Minus,J. Plus,,,,
Dec.2016.K,Simplify,December.2016,K,K. Multiplied by,,,,,,
Dec.2016.31,Simplify,December.2016,31,31. Which of the following expressions is equal to 3 / (4 – rad5) ?,A. 3/11,B. 3/7,,,,
Dec.2016.C,Simplify,December.2016,C,C. (12 – 3rad5) / 21,,,,,,
Dec.2016.D,Simplify,December.2016,D,D. (12 + rad15) / 11,,,,,,
Dec.2016.E,Simplify,December.2016,E,E. (12 + 3rad5) / 11,,,,,,
Jun.2017.7,Simplify,June.2017,7,7. What is the sum of 0.1x2 + 3x + 80 and 0.5x2 - 2x + 60 for all x?,,,,,,
Jun.2017.-0,Simplify,June.2017,-0,-0.4x2 + 5x + 20,,,,,,
Jun.2017.0,Simplify,June.2017,0,0.6x2 + x + 140,,,,,,
Jun.2017.0,Simplify,June.2017,0,0.6x2 + 5x + 140,x2 + 5x + 140,,,,,
Jun.2017.5,Simplify,June.2017,5,5.6x2 + 140,,,,,,
Jun.2017.14,Simplify,June.2017,14,14. Which of the following integers is closest to rad(50)/2 ?,F. 3,G. 4,H. 5,J. 13, K. 14,
Jun.2017.37,Simplify,June.2017,37,"37. For all real numbers x such that x =/= 0, 4/5 + 7/x = ?",A. 11 / 5x,B. 28 / 5x,,,,
Jun.2017.C,Simplify,June.2017,C,C. 11 / (5 + x),,,,,,
Jun.2017.D,Simplify,June.2017,D,D. (7x + 20) / (5 + x),,,,,,
Jun.2017.E,Simplify,June.2017,E,E. (4x + 35) / 5x,,,,,,
Apr.2017.25,Simplify,April.2017,25,25. (4.8 x 10 -7 ) / (1.6 x 10 -11 ) = ?,,,,,,
Apr.2017.A,Simplify,April.2017,A,A. 3.0 x 10 4,,,,,,
Apr.2017.B,Simplify,April.2017,B,B. 3.0 x 10 -4,,,,,,
Apr.2017.C,Simplify,April.2017,C,C. 3.0 x 10-18,,,,,,
Apr.2017.D,Simplify,April.2017,D,D. 3.2 x 10 18,,,,,,
,,,,,,,,,,
,,,,,,,,,,
,,,,,,,,,,
,,,,,,,,,,
,,,,,,,,,,
,,,,,,,,,,
"4,058 ⅔ ",,,"43) To plan orders for a party, a caterer uses the formula P = 64G/S, where P is the number of people, G is the number of gallons of punch, and S is the size of the cups in ounces. Which of the following gives the number of gallons of punch to order for a party of 200 people when 5-ounce cups will be used?",(5)(64)/200,(5)(200)/64,(64)(200)/5,64/(5)(200),200/(5)(64),,
,,,,,,,,,,
,,,,,,,,,,
,,,,,,,,,,
,,,,,,,,,,
,,,,,,,,,,
,,,,,,,,,,
,,,,,,,,,,
,,,,,,,,,,
,,,,,,,,,,
50. The sum of 2 positive numbers is 151. The lesser number is 19 more than the square root of the greater number. What is the value of the greater number minus the lesser number?,F. 19,G. 66,H. 85,J. 91,K. 121,,,,,
52. You are given the following system of equations:,y = x2,rx + sy = t,"where r, s, and t are integers. For which of the following will there be more than one (x,y) solution, with real-number coordinates, for the system?",,,,,,,
F. r2 + 4st > 0,,,,,,,,,,
G. s2 - 4rt > 0,,,,,,,,,,
H. r2 - 4st < 0,,,,,,,,,,
J. s2 – 4rt < 0,,,,,,,,,,
K. s2 + 4rt < 0,,,,,,,,,,
22. A fabric store sells flannel and calico fabrics. Joan pays $25 for 3 yards of flannel and 4 yards of calico. Chris pays $11 for 1 yard of flannel and 2 yards of calico. What is the price of 1 yard of calico?,F. $3,G. $4,H. $5,J. $6,K. $7,,,,,
36. What is the value of b in the solution of the system of equations below?,6a + 3b = 12,-2a + b = -8,F. -2,G. 1,H. 3,J. 4,K. 10,,,
"25. The system of equations below has 1 solution (a,b). What is the value of b?",3a – 5b = 22,A + 3b = -2,A. -4,B. -2,C. 4,D. 9,E. 20,,,
"44. Linh has $3.67 in quarters ($0.25), dimes ($0.10), nickels ($0.05), and pennies ($0.01). She arranges these coins in rows and notices that there are 5 more dimes than quarters. 1 more nickel than quarters, and 25 more pennies than quarters. How many pennies does Linh have?",F. 7,G. 12,H. 25,J. 31,K. 32,,,,,
38. The sum of measures of (angle)A and (angle)B is 90°. The sum of the measures of (angle)A and (angle)C is 180°. The sum of the measures of (angle)B and (angle)D is 180°. What is the sum of the measures of (angle)C and (angle)D ?,F. 45°,G. 90°,H. 180°,J. 270°,K. 360°,,,,,
"8. Susan makes holiday wreaths for 4 hours every Saturday. It takes her 20 minutes to make a small wreath and 30 minutes to make a large wreath. This Saturday, Susan will make twice as many large wreaths as small wreaths. How many of the large wreaths will she make this Saturday?",F. 2,G. 3,H. 5,J. 6,K. 7,,,,,
"11. A system of equations is given below. What is the value of b in the (a,b) solution to the system?",a = 3b – 7,a = b + 1,A. -4,B. -3,C. -2,D. 2,E. 4,,,
20. The product of 2 positive integers is 78. The greater integer is 1 more than twice the lesser integer. What is the greater integer?,F. 6,G. 7,H. 12,J. 13,K. 19,,,,,
"40. Let p and q be real numbers such that p + q = 4, -pq = 12, and p > q. What is p?",F. 2,G. 3,H. 4,J. 6,K. 8,,,,,
"19. Which of the following (x,y) pairs is the solution for the system of equations x + 2y = 4 and ",-2x + y = 7?,"A. (-2,3)",,,,,,,,
"B. (-1,2.5)",,,,,,,,,,
"C. (1, 1.5)","D. (2,1)","E. (4,0)",,,,,,,,
"17. The Tully family and the Quan family ate dinner together at Eugenio’s Pasta Restaurant. An order of pasta comes in 1 of 2 sizes, large or small, and consists of 1 of 6 types of pasta and 1 of 5 types of sauce. The table below gives the number of large and small orders of pasta bought by each family, and the price each family paid for their orders of pasta (without tax and tip). [PICTURE]",,The price is the same for each order of a given size. What is the price of a large order of pasta?,A. $1.50,B. $2.00,C. $2.50,D. $3.00,E. $5.00,,,
"35. Nichelle has 84 solid-colored disks that are either red, blue, or green. She lines them up on the floor and finds that there are 24 more red disks than green and 15 more green disks than blue. How many red disks does she have?",10,15,25,41,49,,,,,
57. Two numbers have a product of -48 and a sum of 0. What is the lesser of the 2 numbers?,,,,,,,,,,
A. -4rad(3),,,,,,,,,,
April.2015,32,"32. The circle in the standard (x,y) coordinate plane below has center (-8.5, 7.5) and has radius 5 coordinate units. [PICTURE]",The circle will be reflected across the y-axis. What will be the coordinates of the image of the center of the circle?,,,,,,,
April.2015,F,"F. (-8.5, -7.5)",,,,,,,,
April.2015,G,"G. (-3.5, 2.5)",,,,,,,,
April.2015,H,"H. (3.5, -2.5)",,,,,,,,
April.2015,J,"J. (8.5, -7.5)",,,,,,,,
April.2015,K,"K. (8.5, 7.5)",,,,,,,,
December.2015,25,"25. The point (6,3) and the line y = 7 are graphed in the standard (x,y) coordinate plane below. After the point has been reflected across the line, what are the coordinates of the point’s image? [PICTURE]",,,,,,,,
December.2015,A,"A. (-6, 11)","B. (2, 11)",,,,,,,
December.2015,C,"C. (6, -11)","D. (6, -3)","E. (6, 11)",,,,,,
December.2015,44,"44. In the standard (x,y) coordinate plane below, R is located at (1,0), S is located at (1,2), and T is located at (4,0) to form right triangle (triangle)RST. The given lengths are in coordinate units. [PICTURE] ",,"Right triangle (triangle)RST will be rotated about the x-axis to form a right circular cone. How long, in coordinate units, is the radius of the cone’s base? ",F. 2,G. 3,H. 4,J. 6,K. 9,
December.2015,55,"55. The graph of y = sin x is in the standard (x,y) coordinate plane is reflected over the x-axis, shifted up a units, and then shifted left 0.5π units. Which of the following equations represents the graph after the 3 transformations? ",,,,,,,,
December.2015,A,A. y = a – sin(x – 0.5π) ,,,,,,,,
December.2015,B,B. y = a – sin(x + 0.5π),,,,,,,,
December.2015,C,C. y = a + sin(x – 0.5π),,,,,,,,
December.2015,D,D. y = 0.5π – sin(x + a),,,,,,,,
December.2015,E,E. y = 0.5π + sin(x – a),,,,,,,,
June.2016,37,"37. Square ABCD, shown below, has side length 5 meters. The square is divided into 25 nonoverlapping congruent squares. Point P is the center of ABCD. [PICTURE]",,"Point M starts at A and is rotated counterclockwise about P a total of 450°. After the rotation, M is at the same location as which of the following points?",A. A,B. B,C. C,D. D,E. P,
June.2016,45,"45. Consider the transformation of the standard (x,y) coordinate plane that maps each point (x,y) to the point (kx, ky) for a certain positive constant, k. In particular, this transformation maps (3,0) to (1,3). This transformation maps (9,24) to which of the following points?","A. (3, 8)","B. (6, 21)","C. (7, 18)",,,,,
June.2016,D,"D. (11, 30)",,,,,,,,
June.2016,E,"E. (27, 72)",,,,,,,,
December.2016,23,"23. In the standard (x,y) coordinate plane, a translation maps a point (x,y) to its image (x – 5, y + 3). To what image does this translation map (-3, -2) ?",,,,,,,,
December.2016,A,"A. (-8, -5)","B. (-8, 1)","C. (-2, 1)","D. (2, -5)","E. (2, 1)",,,,
June.2017,32,"32. Parallelogram ABCD is graphed in the standard (x,y) coordinate plane below. Sides (line)AB and (line)CD are each (rad)10 coordinate units long. Sides (line)AD and (line)BC are each 5 coordinate units long. The distance between (line)AD and (line)BC is 3 coordinate units. [PICTURE]",,Parallelogram ABCD will be reflected over the y-axis. What will be the coordinate of the image of A?,"F. (-4,1)","G. (-1,-1)","H. (1,-1)","J. (1,1)","K. (4,-1)",
April.2017,44,"44. The graph of y = |x – 6| is in the standard (x,y) coordinate plane. Which of the following transformations, when applied to the graph of y = |x|, results in the graph of y = |x – 6|?",,,,,,,,
April.2017,F,F. Translation to the right 6 coordinate units,,,,,,,,
April.2017,G,G. Translation to the left 6 coordinate units,,,,,,,,
April.2017,H,H. Translation up 6 coordinate units,,,,,,,,
April.2017,J,J. Translation down 6 coordinate units,,,,,,,,
8.7,,,,,,,,,,
(angle)CDE,(angle)CED,,,,,,,,,
K. 6c,,,,,,,,,,
64,201,,,,,,,,,
135°,150°,,,,,,,,,
108°,116°,,,,,,,,,
10,11,,,,,,,,,
81°,Cannot be determined from the given information,,,,,,,,,
40,48,,,,,,,,,
72,84,,,,,,,,,
67.5°,70°,,,30) The dimensions of equilateral triangle (triangle)ABC are given in centimeters in the figure below. What is the value of y?,2.0,5.0,8.0,13.0,16.0,
40,,,,,,,,,,
55°,77°,,,,,,,,,
"5, 8, 10",,,,,,,,,,
(angle)C ≅ (angle) F,,,,,,,,,,
35,65,80.0,,,,,,,,
66°,72°,,,,,,,,,
230,320,650.0,,,,,,,,
m(angle)C > m(angle)A > m(angle)B,,,,,,,,,,
,,,,,,,,,,
,,,,,,,,,,
,,,,,,,,,,
,,,,,,,,,,
,,,,,,,,,,
,,,,,,,,,,
Isosceles right,,,,,,,,,,
,,,,,,,,,,
"51. What are the values of θ, between 0 and 2π, when tanθ= -1?",π4/ and (3π)/4 only,(3π)/4 and (5π)/4 only,(3π)/4 and (7π)/4 only,(5π)/4 and (7π)/4 only,"π/4, (3π)/4, (5π)/4, and (7π)/4",,,,,
"58. In the standard (x,y) coordinate plane below, B is on the positive x-axis, the measure of (angle)AOB is 150°, and the length of (line)AO is 1 coordinate unit. What are the coordinates of A? [PICTURE]",,,,,,,,,,
"F. (-rad3/2, 1/2)",,,,,,,,,,
"G. (-rad(2)/2, rad(2)/2",,,,,,,,,,
"H. (-1/2, rad(3)/2)",,,,,,,,,,
"J. (rad(3)/2, -1/2)",,,,,,,,,,
"K. (rad(2)/2, -rad(2)/2)",,,"59) Which of the following polar coordinates represent the same location as (3, 45°)?","(3, -315°)","(3, -225°)","(3, -45°)","(3, 135°)","(3, 315°)",,
39. What is the amplitude of the function f(x) = ½cos(3x + π)?,A. 1/3,B. ½,C. 3/2,D. 2,E. 3,,,,,
38. The function f(x) = 0.25sin(4x) is graphed below for 0 ≤ x ≤ 2π. What is the period of the function? [PICTURE],F. π/2,G. π/4,H. π/8,J. π,K. 2 π,,,,,
"53. Green Camp and Blue Camp lie on opposite sides of Red Lake. A boat dock is located 1,000 yards from Green Camp. The campers estimated the angles between these 3 locations to be as shown on the map below. Using these estimates, which of the following expressions gives the distance, in yards, between Green Camp and Blue Camp?",*****picture*****,"5,000/11","1,000/(cos20°)","1,000/(sin110°)","[(1,000)(sin50°)]/(sin110°)","1,000tan50°",,,,
"56. In the standard (x,y) coordinate plane below, ϴ is the radian measure of any angle in standard position with the point (r,s) on the terminal side. Which of the following points is on the terminal side of the angle in standard position having radian measure π - ϴ? [PICTURE]","F. (-r, s)","G. (r, -s)",,,,,,,,
"H. (-s, -r)","J. (-s, r)","K. (s, -r)",,,,,,,,
"14. Given that sin2x = 4/13, what is cos2x?",4/9,9/4,9/13,13/9,13/4,,,,,
26. Angle (angle)JKL is shown below with the given lengths in coordinate units. What is the measure of (angle)JKL in radians? [PICTURE],2/(3π),3/(2π),π/3,(2π)/3,(4π)/3,,,,,
"42. Suspended from the ceiling is a weight on a large spring that is oscillating up and down. The distance, d inches, between the location of the center of the mass of the weight after t seconds and the weight’s equilibrium location at t = 0 is modeled by the function d = 5sin(4πt). What is the amplitude of the function?",F. 1/2 ,G. 2,H. 4,J. 5,K. 10,,,,,
"42. For all x such that 0 ≤ x ≤ 90, which of the following expressions is NOT equal to sinx°?",-sin(-x°),sin(-x°),cos(90 - x)°,cos(x - 90)°,Rad (1 - (cosx°)2),,,,,
"54. One of the following graphs in the standard (x, y) coordinate plane is the graph of y = sin2x + cos2x over the domain –π/2 ≤ x ≤ π/2. Which one?",,,,,,,,,,
F. [PICTURE],,,,,,,,,,
J. [PICTURE],,,,,,,,,,
G. [PICTURE],,,,,,,,,,
K. [PICTURE],,,,,,,,,,
H. [PICTURE],,,,,,,,,,
55. What is the period of the function f(x) = csc(4x)?,A. π,B. 2π,C. 4π,D. π/4,E. π/2,,,,,
,,,,,,,,,,
,,,,,,,,,,
,,,,,,,,,,
Some students in this class are not section leaders in the band.,No student in this class is a section leader in the band.,,"51) A teacher assigns each of her 18 students a different integer from 1 through 18. The teacher forms pairs of study partners by using the rule that the sum of the pair of numbers is a perfect square. Assuming the 9 pairs of students follow this rule, the student assigned which number must be paired with the student assigned the number 1?",16.0,15.0,9.0,8.0,3.0,"60) A right circular cone is intersected by a plane that is not parallel to the base and does not intersect the base or vertex, as shown in the figure below. One of the following figures shows the shape of the intersection. Which figure is it?",[PICTURE]
,,,,,,,,,,
,,,,,,,,,,
,,,,,,,,,,
,,,,,,,,,,
,,,,,,,,,,
,,,,,,,,,,
,,,,,,,,,,
,,,,,,,,,,
,,,,,,,,,,
,,,,,,,,,,
,,,,,,,,,,
,,,,,,,,,,
,,,,,,,,,,
,,,,,,,,,,
,,,,,,,,,,
,,,,,,,,,,
,,,,,,,,,,
,,,,,,,,,,
,,,,,,,,,,
,,,,,,,,,,
,,,,,,,,,,
,,,,,,,,,,
,,,,,,,,,,
,,,,,,,,,,
