Apr.2015.26,Matrices,April.2015,26,26. What value of x satisfies the matrix equation below? [PICTURE],F. 3.5,G. 4,H. 4.5,J. 5.5,K. 8,,,,
Jun.2015.48,Matrices,June.2015,48,48. Four matrices are given below. [PICTURE],Which of the following matrix products is undefined?,F. WX,G. WY,H. YZ,J. XW,K. XZ,,,
Dec.2015.10,Matrices,December.2015,10,10. [PICTURE],,,,,,,,,
Dec.2015.F,Matrices,December.2015,F,F. [PICTURE],,,,,,,,,
Dec.2015.G,Matrices,December.2015,G,G. [PICTURE],,,,,,,,,
Dec.2015.H,Matrices,December.2015,H,H. [PICTURE],,,,,,,,,
Dec.2015.J,Matrices,December.2015,J,J. [PICTURE],,,,,,,,,
Dec.2015.K,Matrices,December.2015,K,K. [PICTURE],,,,,,,,,
Jun.2016.57,Matrices,June.2016,57,57. Which of the following matrices is equal to the matrix product [PICTURE]?,,,,,,,,,
Jun.2016.A,Matrices,June.2016,A,A. [PICTURE],,,,,,,,,
Jun.2016.B,Matrices,June.2016,B,B. [PICTURE],,,,,,,,,
Jun.2016.C,Matrices,June.2016,C,C. [PICTURE],,,,,,,,,
Jun.2016.D,Matrices,June.2016,D,D. [PICTURE],,,,,,,,,
Jun.2016.E,Matrices,June.2016,E,E. [PICTURE],,,,,,,,,
Apr.2016.8,Matrices,April.2016,8,8. Which of the following augmented matrices represents the system of linear equations below?,3x + 5y = 20,2x â€“ y = 9,,,,,,,
Apr.2016.F,Matrices,April.2016,F,F. [PICTURE],,,,,,,,,
Apr.2016.G,Matrices,April.2016,G,G. [PICTURE],,,,,,,,,
Apr.2016.H,Matrices,April.2016,H,H. [PICTURE],,,,,,,,,
Apr.2016.J,Matrices,April.2016,J,J. [PICTURE],,,,,,,,,
Apr.2016.K,Matrices,April.2016,K,K. [PICTURE],,,,,,,,,
Dec.2016.55,Matrices,December.2016,55,55. What is the determinant of the matrix shown below? [PICTURE],A. 34,B. 4,C. -1,D. -25,E. -31,,,,
Jun.2017.60,Matrices,June.2017,60,60. The table below shows the numbers of rows and columns in each of 5 matrices. [PICTURE],"For distinct values of k, m, and n, which of the following matrix products is NOT possible?",F. ED,G. DC,H. CD,J. AE,K. AC,,,
Apr.2017.57,Matrices,April.2017,57,"57. For what positive real value of k, if any, is the determinant of the matrix [PICTURE] equal to k?",(Note: The determinant of matrix [PICTURE] equals ad - bc.),A. 3,B. 4,C. 12,D. (rad)12,,,,
